Nitrogen Content,Posphorous Content,Potassium Content,temperature,humidity,ph,rainfall,label
28,80,17,19.62207826,18.67170854,5.809419584,144.1567454,kidneybeans
89,60,19,25.19192419,66.6902901,5.913664501,78.06639649,maize
37,36,27,27.5529736,47.90859131,5.910634533,90.40332704,mango
39,24,14,30.55472573,90.90343769,7.189259647,106.0711985,orange
27,63,19,20.93409877,21.1893007,5.562201934,133.1914419,kidneybeans
39,139,201,41.18664903,81.01783402,5.539980812,68.68895899,grapes
65,37,40,23.35905428,83.59512273,5.333322606,188.413665,rice
43,50,48,28.28222883,91.37059792,6.63016515,179.2720807,papaya
31,53,16,28.7420098,85.81675947,6.452006451,48.54598575,mungbean
1,6,35,27.02269204,95.71935435,6.231662767,147.1682459,coconut
31,13,33,29.69952329,95.21224392,6.342463714,148.3003692,coconut
100,74,52,25.43480512,81.53977797,5.837258235,96.47800391,banana
18,57,21,27.37659643,63.93927841,6.155915975,49.47371773,lentil
103,16,49,24.06731461,81.64075303,6.915717008,51.75212401,watermelon
22,64,82,19.48974337,17.17260319,6.4740245,87.51312796,chickpea
8,26,36,18.78359608,87.4024767,6.804781106,102.5184759,pomegranate
13,61,24,18.29783597,69.6897615,7.629910253,49.39111479,lentil
24,61,17,22.6371424,65.44544859,6.233269045,38.30411077,lentil
91,55,15,18.09300227,72.61024172,6.376651091,78.96159541,maize
38,15,30,28.91862016,48.13974548,5.075504537,97.01331604,mango
21,29,12,22.30318989,92.15987039,6.438668989,117.3688104,orange
11,61,21,18.62328774,23.02410338,5.532100554,135.3378033,kidneybeans
93,56,42,23.85724032,82.22572988,7.382762603,195.0948311,rice
140,45,15,25.5308271,80.04662756,5.801047545,99.39557151,cotton
83,9,45,25.85483596,89.13163965,6.049609892,46.85176955,watermelon
28,74,81,18.01272266,18.30968112,8.753795334,81.98568791,chickpea
12,20,39,19.86173586,86.19740917,6.026999326,111.0217929,pomegranate
34,47,19,27.31372793,85.44815232,6.568795404,53.15223123,mungbean
33,143,204,21.1316077,91.95769858,5.814434775,122.5391946,apple
112,73,48,29.2440638,77.32017166,5.707488987,90.66727868,banana
6,142,202,27.23708304,82.94573346,6.224542938,70.42508897,grapes
28,123,202,22.76643029,92.12438519,6.442289294,120.4359949,apple
12,39,21,28.99319096,62.85948245,8.183844843,70.4713043,mothbeans
9,38,25,34.58561471,50.34035336,5.497946899,100.3060719,mango
29,140,195,23.64082979,90.95257927,5.560521058,116.7431319,apple
52,65,20,32.81705216,66.15665137,6.814301033,68.83924882,blackgram
81,53,42,23.67575393,81.03569343,5.17782304,233.7034975,rice
110,78,50,25.93730186,78.89864446,5.915568968,98.21747528,banana
10,5,42,20.24104904,91.08706822,6.887005997,109.2537734,pomegranate
77,36,23,24.71417533,56.73426469,6.648725327,88.45361858,maize
37,73,21,29.50304807,63.46513414,5.560224583,189.5208915,pigeonpeas
120,8,46,29.55657523,90.70937262,6.732834334,28.36535596,muskmelon
88,29,51,24.71885473,88.94568335,6.095689937,48.45978627,watermelon
63,58,50,43.03714283,94.6428898,6.720744449,41.5856585,papaya
27,80,15,19.07096165,21.21092266,5.788386951,86.21917578,kidneybeans
21,135,198,23.86087054,94.92048112,5.765015126,105.0241329,apple
25,40,21,27.73329078,81.13903037,6.248900919,44.17580911,mungbean
3,9,45,23.89162561,89.61850203,6.535244251,104.617522,pomegranate
17,134,204,39.04071989,80.18393287,6.499604931,73.88467027,grapes
22,17,26,28.69818144,47.71875722,4.754435025,99.642454,mango
22,144,196,21.91191314,91.68748063,6.499226821,117.0761277,apple
57,60,17,26.23773129,67.88521396,7.504608385,73.58663968,blackgram
108,94,47,27.35911627,84.54625006,6.387431383,90.81250457,banana
89,60,17,25.37548751,57.21025565,5.983952675,101.7004306,maize
101,20,48,24.6774157,82.75411437,6.206247494,57.05709413,watermelon
129,60,22,24.58453146,79.12404171,5.947448589,71.94608134,cotton
118,44,23,22.08458267,82.82904143,6.691690476,67.06459777,cotton
0,25,14,19.33516809,91.97978938,6.361671475,116.450422,orange
85,38,41,21.58711777,82.7883708,6.249050656,276.6552459,rice
21,51,15,29.36488409,89.1886954,6.679127482,48.30159325,mungbean
39,28,10,31.34920143,91.48247612,7.181907673,109.1549823,orange
116,71,47,27.57278064,82.0638878,6.435785799,91.34276507,banana
31,48,45,40.78881819,92.90951393,6.563134737,132.7923586,papaya
13,16,8,34.74004942,93.12316972,6.949838549,100.1967854,orange
103,40,30,27.30901814,55.196224,6.348316257,141.4831644,coffee
16,35,31,32.27652024,50.19368841,5.316875978,95.99487068,mango
101,92,45,28.22776705,80.6430384,5.758054257,98.00403016,banana
22,70,19,18.23775702,21.07643273,5.515615023,69.44951585,kidneybeans
113,38,25,22.00085141,79.47270984,7.388265888,90.42224164,cotton
17,43,22,30.06142622,45.90067655,5.498340808,41.0550915,mothbeans
37,135,205,11.82768186,80.2827185,5.510924849,74.10225057,grapes
8,133,195,20.46657776,80.97598029,6.456079585,71.29813872,grapes
22,138,195,27.83487131,83.51444973,6.208196881,73.02882766,grapes
18,9,40,19.44623085,89.02127045,5.627186257,106.1606833,pomegranate
97,29,27,27.74576987,54.36976075,7.205078785,139.8619431,coffee
26,56,22,23.05276444,60.424786,7.011121216,52.60285259,lentil
14,59,22,23.82723528,67.89815262,6.76660668,46.90725077,lentil
32,138,197,9.535585543,80.73112694,5.908724337,69.44115171,grapes
10,9,28,29.01256899,94.01014388,6.282955073,150.0500312,coconut
121,47,16,23.60564038,79.29573149,7.723240151,72.49800885,cotton
4,47,20,25.97948991,64.95585424,4.193189124,72.19245835,mothbeans
3,134,199,20.28370163,81.32235739,5.81717753,71.06611222,grapes
14,74,15,27.99990346,65.57653373,6.493036868,49.94043064,lentil
32,60,83,19.69141713,19.44225438,8.829273328,91.76071648,chickpea
27,24,29,26.61423461,96.97300803,6.142010637,191.006688,coconut
22,18,31,30.7645515,47.93791463,5.956027059,90.38503469,mango
13,22,5,19.667056,90.50096668,7.764040111,100.1737964,orange
37,56,25,22.05592283,19.60379304,5.774755144,126.7265372,kidneybeans
29,11,5,23.13338811,91.94670335,7.639788459,104.4224145,orange
15,77,20,25.13163619,66.92642362,7.399749291,49.04015558,lentil
82,35,35,25.49386782,86.97061481,7.299076163,176.5268267,jute
5,65,16,21.32776028,18.48522915,5.866744372,109.1013261,kidneybeans
37,78,79,19.95264829,14.82633099,7.786366322,88.6810311,chickpea
20,122,204,11.7976469,80.86325389,6.487369687,65.06962486,grapes
10,59,22,28.60901145,86.99495766,7.155685016,36.94616965,mungbean
31,40,22,29.40889385,86.16063492,6.365513634,53.35486977,mungbean
34,65,47,23.48546973,93.71043692,6.833768535,191.7760562,papaya
40,70,20,31.80130272,45.03186173,5.623490043,147.0361442,pigeonpeas
25,59,19,29.06631494,83.6869203,6.626629798,43.95183726,mungbean
113,15,29,27.09617155,63.55324262,6.779230041,190.2440566,coffee
30,122,197,21.37784654,92.72043743,5.573241391,106.1417017,apple
93,56,36,24.01497622,82.05687182,6.98435366,185.2773389,rice
37,77,17,36.20970524,31.94550613,5.617122801,191.0658531,pigeonpeas
74,40,40,25.13842773,83.12053888,6.386259978,169.3388465,jute
93,94,53,25.86632408,84.42379269,6.079178788,114.5357503,banana
20,29,27,25.09897688,92.36099489,6.047044342,157.7592626,coconut
107,71,55,29.42017919,83.96754496,6.088064451,117.229079,banana
29,76,15,28.5417236,64.2020154,7.025607706,69.68862306,blackgram
6,140,205,17.66558428,82.92903419,6.313085601,69.8671263,grapes
40,63,18,30.41588462,67.66323804,6.74441168,63.02473185,blackgram
86,26,27,27.13140403,52.89368299,6.081172981,192.4280381,coffee
4,40,21,28.79728147,80.45744422,6.725551062,44.30070517,mungbean
101,13,54,25.42900869,82.91481799,6.828982708,56.34144589,watermelon
36,7,37,19.8671184,86.35590206,5.782435567,108.3168858,pomegranate
83,95,50,26.51682337,77.79913575,5.50947065,108.8547508,banana
6,77,20,25.78746268,60.2816298,6.058306161,49.14337177,lentil
31,58,15,28.31886863,60.19461399,6.167855382,45.36521251,lentil
37,79,19,27.54384835,69.3478631,7.143942758,69.40878198,blackgram
118,45,23,23.37044424,77.43198948,7.977651226,71.67870701,cotton
40,45,20,29.37687468,57.69622912,6.878498176,38.34303462,mothbeans
96,13,55,29.5275305,94.57459443,6.700337732,21.13545688,muskmelon
38,21,35,20.33691147,89.38003827,5.841367187,110.9653137,pomegranate
37,65,16,22.8352024,18.97267518,5.683548308,63.59276673,kidneybeans
81,56,36,23.39605743,72.60512854,7.097586415,174.7876411,jute
0,23,15,22.56664172,93.37488907,7.598729065,109.8585753,orange
29,142,203,29.67229086,83.71498986,5.891195653,66.48490371,grapes
87,25,46,27.42711692,90.02696201,6.379690748,21.7508774,muskmelon
122,48,16,24.65425757,75.6350708,6.307585854,61.82980133,cotton
81,30,48,28.52379742,92.09688432,6.041027474,29.86681385,muskmelon
52,63,19,29.58949031,68.32176769,6.928898659,67.53021213,blackgram
103,27,31,27.15998538,51.59100753,6.691541233,126.1752206,coffee
19,51,25,26.80474415,48.23991436,3.5253661,43.87801983,mothbeans
63,35,16,22.02720976,65.35549924,6.272417541,83.73280082,maize
91,12,46,24.64458469,85.49938185,6.343942518,48.31219031,watermelon
56,76,16,28.27265858,61.18956161,7.513151076,63.29900785,blackgram
0,21,32,35.89855625,54.25964196,6.430139436,92.19721736,mango
115,9,52,29.06785065,90.97685539,6.019372459,29.1194739,muskmelon
117,86,48,28.6956201,82.54195839,6.225225239,116.1616839,banana
21,23,42,19.54128063,90.29751796,6.902751061,104.3739878,pomegranate
14,55,15,27.33580911,55.27755933,8.050304395,73.44775287,mothbeans
33,80,22,28.57006111,65.71765781,6.593961761,70.0866434,blackgram
40,143,201,24.97256132,82.72828653,6.476757723,66.70016285,grapes
36,59,46,34.28879307,93.61082872,6.721130543,127.2509777,papaya
26,64,22,25.95058595,40.58227261,5.16516459,109.1821183,pigeonpeas
35,142,203,21.17089176,90.23730166,5.895319002,123.6495149,apple
36,125,196,37.46566825,80.65968681,6.15526103,66.83872293,grapes
5,55,18,33.50876355,45.70976142,7.322097972,126.6738117,pigeonpeas
6,125,204,27.92004934,82.93262435,5.733539807,69.92092839,grapes
37,18,12,10.2708877,90.19147747,7.401121811,106.6955204,orange
17,56,17,27.94293692,45.41393636,5.9565851,69.66289997,mothbeans
37,36,26,32.89300162,52.61323969,4.650536197,94.49161372,mango
16,73,19,18.41645629,34.80541039,4.684079249,163.2747473,pigeonpeas
52,73,79,17.25769499,18.74943955,7.840339389,94.00287214,chickpea
34,60,23,20.12574053,24.96969858,5.659254981,100.0497183,kidneybeans
44,63,15,26.42333018,64.51136845,7.338929556,63.46546487,blackgram
91,25,26,24.53460016,66.99765375,7.482414225,180.5059257,coffee
100,41,22,22.4204752,84.55794703,7.318802162,93.46595573,cotton
6,63,23,26.01630259,49.94704718,5.906596905,160.3337447,pigeonpeas
11,36,33,35.99009679,52.22780489,5.978634285,95.3713484,mango
99,6,46,28.61475136,94.22253035,6.39637861,28.98574189,muskmelon
40,45,18,30.43683729,55.20522037,5.261285926,30.92014047,mothbeans
1,35,34,30.79375683,46.69536813,6.27339822,92.21318555,mango
26,35,31,33.44619894,53.05980465,5.339556562,98.05089394,mango
11,60,23,27.33684386,88.50229102,7.033012777,51.09802625,mungbean
25,65,21,33.86351172,68.59232289,6.880245789,69.24464096,blackgram
30,13,25,27.15116142,91.48889469,6.413184638,164.9182225,coconut
94,53,40,20.27774362,82.89408619,5.718627178,241.9741949,rice
4,69,19,19.25100056,47.70351758,5.374358869,149.063196,pigeonpeas
11,74,17,21.36383757,69.92375891,6.633864582,46.6352865,lentil
29,21,45,23.40981539,93.13277,6.749260456,105.2240743,pomegranate
66,53,41,25.0756354,80.52389148,7.778915154,257.0038865,rice
50,56,76,20.99502153,19.8601304,7.966605025,73.50734019,chickpea
93,58,38,20.61521424,83.77345559,6.932400225,279.5451717,rice
32,11,31,29.51611558,92.56492864,6.461225827,131.2116167,coconut
4,80,16,29.19585548,68.01965728,7.441976825,44.93261911,lentil
2,24,34,28.89409382,54.80750249,6.472774648,94.76322976,mango
95,82,48,27.39489579,83.31172003,5.719014989,92.78133617,banana
115,48,16,25.54359718,84.09229796,7.175934962,88.94245493,cotton
95,13,46,29.84070774,93.76312893,6.126019932,23.28207838,muskmelon
39,70,15,20.76774783,63.90164154,6.366355781,47.9271552,lentil
38,120,197,17.5438296,82.94703302,6.323722572,73.77063744,grapes
29,138,197,22.19055385,92.43764169,5.830892252,121.6622761,apple
52,68,78,17.48504075,16.96070581,6.89655198,86.05078037,chickpea
39,132,196,35.83089092,83.32560104,5.778594403,73.67984885,grapes
0,26,31,25.0707247,95.02156793,5.547933273,192.9036306,coconut
112,54,15,25.46228792,81.56641891,6.175492306,76.88582484,cotton
139,35,15,25.248679,83.4630147,5.898293044,86.55517751,cotton
28,145,202,19.2077707,82.9042841,6.484323189,66.83113717,grapes
19,57,23,23.6734328,47.2879691,7.342409555,141.1250722,pigeonpeas
27,62,77,18.19737048,14.71070537,6.576415562,70.18185181,chickpea
62,42,36,22.78133816,82.06719137,6.430010215,248.7183228,rice
67,60,25,24.92162194,66.78627406,5.750254943,109.2162279,maize
53,73,77,19.71359733,18.09665739,7.325451279,73.64476535,chickpea
115,18,53,29.17052093,94.19790371,6.012480351,22.06994464,muskmelon
109,79,45,27.66752761,79.68542782,6.490074429,108.66464,banana
90,49,21,24.84016732,68.3584573,6.472523287,74.05474936,maize
14,140,197,23.35225078,90.90054697,6.071255131,113.0381382,apple
105,60,23,23.53371386,77.21705554,6.207652157,87.54004943,cotton
118,21,34,24.38534644,64.72543073,7.234258375,119.6324109,coffee
60,43,44,21.01944696,82.95221726,7.416245107,298.4018471,rice
71,46,40,20.2801937,82.1235421,7.236705436,191.9535738,rice
55,78,21,33.39438752,62.93692886,6.602888249,63.57445989,blackgram
100,80,52,27.53911354,77.25629897,6.049801781,110.3262123,banana
37,70,25,19.73136909,24.89487354,5.819403771,84.06354115,kidneybeans
90,39,43,24.44743944,82.286484,6.7693455,190.9684885,jute
95,7,45,27.30008597,90.80015308,6.031665834,25.09484511,muskmelon
18,14,11,28.04799508,90.00621688,6.550814117,117.1311498,orange
89,52,45,24.89326318,77.01222585,7.207457208,196.469984,jute
115,11,46,24.41592661,89.39655519,6.623167177,40.32161859,watermelon
34,56,17,33.4126864,35.42910045,4.548202098,139.6702541,pigeonpeas
6,9,12,31.08368929,90.14362642,7.028746406,109.6894658,orange
32,79,22,27.60195453,63.46170674,5.91645379,54.37814199,lentil
23,62,85,18.97424756,19.5161216,8.490127142,80.7108745,chickpea
95,52,36,26.22916897,83.83625819,5.543360238,286.5083725,rice
92,20,55,25.10474753,87.5267616,6.587791262,59.26519444,watermelon
39,127,202,15.3246651,81.67215994,6.477768039,71.60102999,grapes
22,11,29,28.03380598,95.01630593,5.955742971,218.0055713,coconut
35,48,15,27.10818093,87.4512669,6.981758362,55.03723979,mungbean
27,60,17,26.41768321,63.64698302,7.026795359,64.42177127,blackgram
118,88,52,28.65003945,82.68752542,5.843163161,98.75084366,banana
36,65,80,18.2872007,16.67921616,6.051091339,74.87445574,chickpea
11,72,22,29.37735586,44.82294584,6.842744374,172.40168,pigeonpeas
32,43,22,31.99928579,54.1077461,5.270749441,71.6266696,mothbeans
34,11,10,31.75048899,94.59551226,7.36220835,115.1989301,orange
34,65,48,41.41968393,90.03863107,6.665024508,199.3096432,papaya
85,27,45,26.0713757,88.7285657,6.467095849,57.79652846,watermelon
2,21,35,25.02887163,91.53720922,6.293662363,179.8248944,coconut
2,143,196,22.71271308,90.45261746,5.669489065,109.8852597,apple
90,59,35,24.25133493,89.86454053,7.098227926,175.1742112,jute
26,122,202,22.44516988,94.73763514,5.617227184,107.1843273,apple
99,92,47,28.1279509,77.48247073,6.323933647,103.5045395,banana
98,8,51,26.1793464,86.52258079,6.25933595,49.43050977,watermelon
60,57,24,18.66116213,61.55327249,6.121294041,75.03247667,maize
119,72,55,25.99069521,83.33983116,6.220643671,112.0777152,banana
92,7,48,26.27520631,86.63249555,6.956508826,54.38748495,watermelon
83,22,54,25.89762315,81.96664832,6.277245254,54.49960057,watermelon
85,89,51,29.21144871,84.70189923,6.158164422,108.5501443,banana
120,48,16,22.46054478,75.40989245,7.456971816,71.85436078,cotton
20,74,16,36.04353699,43.61444121,4.759490199,159.8938645,pigeonpeas
6,69,19,26.88630675,41.69617915,4.750929218,94.46748008,pigeonpeas
7,20,12,16.53460397,94.76759975,6.475275337,110.0447896,orange
23,138,195,22.49095104,91.70292746,5.795985716,124.3915101,apple
107,43,18,22.426733,81.53480799,6.745104394,65.54475812,cotton
54,77,85,17.1418614,17.0662427,7.829211144,83.74606679,chickpea
19,17,39,24.72485577,85.56083187,6.728599215,111.2787584,pomegranate
38,6,25,25.54963273,96.92786777,6.156259104,191.2996157,coconut
4,14,41,19.85139326,89.80732335,6.430163481,102.8186358,pomegranate
3,49,18,27.91095209,64.70930606,3.692863601,32.67891866,mothbeans
36,43,22,27.82684262,87.16679147,6.389882166,58.37249772,mungbean
101,17,47,29.49401389,94.72981338,6.185053234,26.30820876,muskmelon
58,71,15,27.82592799,67.5861883,6.919243702,74.01229707,blackgram
44,47,45,38.73218907,94.73613484,6.579441304,218.142147,papaya
60,37,39,26.59104992,82.94164078,6.033485257,161.2469997,jute
72,40,38,20.41447029,82.20802629,7.592490617,245.1511304,rice
6,7,7,27.68167318,94.47316879,7.199106204,113.9995146,orange
35,67,49,41.31330062,91.1508798,6.617066674,239.7427554,papaya
86,95,49,28.05484146,78.04602887,6.458714879,108.3957179,banana
116,40,33,24.91370487,54.15319242,7.042089492,129.5481144,coffee
94,89,48,28.55980972,84.51602322,5.653437902,111.0843029,banana
40,18,43,19.38603815,86.79058496,5.767372539,109.9130984,pomegranate
33,57,17,27.89636126,88.71782287,6.78415271,57.79863368,mungbean
39,129,203,34.38922481,83.18392806,5.863996687,71.03001556,grapes
18,19,29,27.59376845,92.48519606,6.206077742,162.8432736,coconut
105,56,15,25.96779712,81.97904282,7.272316209,74.14169043,cotton
32,56,18,20.0467711,65.84395319,7.135251532,46.05333124,lentil
67,58,39,25.2827223,80.54372813,5.453592032,220.1156708,rice
6,37,17,28.08657178,80.35005927,6.760694228,38.14476781,mungbean
26,27,10,28.06903173,92.91487288,6.079998496,114.1339416,orange
57,73,85,18.49311205,14.72115044,7.358099622,91.94595352,chickpea
35,69,23,16.78791503,24.96881755,5.578410206,75.45328039,kidneybeans
37,64,22,17.48189735,18.8251973,5.954665349,121.9401369,kidneybeans
60,68,83,19.12065218,18.43475844,6.620900869,85.52950164,chickpea
16,70,20,24.80467592,40.1242747,5.6093956,121.5639121,pigeonpeas
32,14,37,22.73031253,88.48567856,6.825256236,104.6843243,pomegranate
44,77,21,32.63918668,61.3009051,7.326980454,61.83876146,blackgram
81,18,50,26.80750629,88.22874955,6.429788073,58.79889057,watermelon
57,56,78,17.34150229,18.75626255,8.861479668,67.9545435,chickpea
87,54,20,25.61707368,63.4711755,6.576418207,108.8303762,maize
25,71,24,28.49538735,60.44848407,7.187721818,74.91559514,blackgram
97,22,26,23.60567546,59.68849145,6.074190142,185.1568059,coffee
70,36,42,21.84106875,80.72886384,6.946209881,202.3838319,rice
8,28,37,23.88404783,86.20613842,6.082571701,108.3121789,pomegranate
29,145,205,22.81227579,92.12992101,6.212302608,109.3383552,apple
37,66,85,20.93175255,18.91295403,6.456148474,78.06910795,chickpea
32,12,30,25.39241091,98.08951196,5.579845008,218.080385,coconut
3,58,21,25.36140526,46.82652785,9.160691747,55.60523179,mothbeans
84,57,25,22.53510514,67.99257471,6.489040367,64.40866039,maize
27,138,201,23.66682067,93.90191078,5.952367662,105.4004751,apple
105,18,35,23.52648086,68.44030686,6.743417121,171.8839938,coffee
118,12,47,27.96872279,92.17444796,6.010739645,28.94766949,muskmelon
33,75,84,19.46210401,18.72831993,7.217018459,68.81405149,chickpea
77,51,44,23.25583402,82.7015932,7.124333547,166.2160846,jute
89,25,34,23.07895447,63.65861483,7.184801627,129.8765443,coffee
101,58,18,25.66891439,81.38103349,6.652143699,78.59595817,cotton
61,59,17,23.33844615,59.24580604,6.47444292,105.0083144,maize
11,143,197,22.98458907,93.3204487,5.875718516,122.1952483,apple
78,35,44,26.54348085,84.67353597,7.072655622,183.6222657,rice
48,62,47,25.34756111,93.02871078,6.803094965,174.4012337,papaya
36,67,25,35.95176642,36.52780776,6.418062652,136.0456753,pigeonpeas
91,36,45,24.44345477,82.45432595,5.950647577,267.9761948,rice
48,62,15,25.36586097,66.6379724,7.538631462,65.81655892,blackgram
30,127,204,22.50050273,92.45878335,6.126436584,100.9343903,apple
111,5,55,26.283443,84.42478917,6.520663422,50.78669728,watermelon
93,85,49,27.96799119,79.28625709,5.694243847,119.4765557,banana
37,6,13,26.03097313,91.50819306,7.511755068,101.2847738,orange
98,25,52,25.2801372,83.15393658,6.224066378,49.29456609,watermelon
7,74,17,22.47253208,62.56532471,5.667419697,96.74706956,pigeonpeas
92,35,40,22.17931888,80.33127223,6.357389366,200.0882787,rice
29,63,17,30.02629908,67.88811637,7.26154329,66.47264636,blackgram
40,11,44,24.45840036,86.10874614,6.322396027,111.3779693,pomegranate
27,13,6,13.36050601,91.35608208,7.335158382,111.2266885,orange
53,74,15,29.43463808,64.94329356,7.517097,72.17818157,blackgram
27,21,30,35.3915464,52.48823147,5.061081874,91.22881052,mango
108,38,24,23.41022496,76.43836957,7.442217061,78.82199603,cotton
19,53,22,27.8640132,80.4513142,6.852884643,42.83053902,mungbean
13,57,25,28.30041493,86.20681554,6.86308576,50.47333854,mungbean
107,58,15,23.73868041,75.77503808,7.55606399,76.63669195,cotton
85,33,25,26.20811417,52.50987966,6.910823945,189.0944824,coffee
36,61,21,34.53823889,39.04468913,5.617008201,168.5948318,pigeonpeas
21,39,20,27.06179658,52.3003173,7.388007483,60.74583498,mothbeans
106,20,51,29.73019662,90.97015715,6.342573112,20.49035619,muskmelon
25,78,76,17.48042641,15.7559405,7.228963452,66.96980581,chickpea
8,54,20,28.3340432,80.77275974,7.034214276,38.7976407,mungbean
111,29,31,26.05968403,52.31098539,6.136286518,161.3432535,coffee
15,28,32,28.84270971,99.64328526,6.218571874,224.4016682,coconut
87,48,38,23.81579631,80.94023552,7.161865733,190.312216,jute
22,37,20,27.62749466,86.49366929,6.605733068,39.26137642,mungbean
108,33,31,23.69287069,66.76090123,7.393825704,144.6576424,coffee
31,30,29,26.58580443,90.98617591,5.558807063,178.8116076,coconut
123,39,24,25.00755095,78.17952126,7.453106264,86.06411872,cotton
57,60,84,19.1034283,17.26184541,6.586777189,75.49101167,chickpea
97,35,26,24.91461008,53.74144743,6.334610249,166.2549307,coffee
32,68,52,32.68067385,92.61715632,6.800321319,248.8592986,papaya
86,39,43,26.14576648,71.23690851,6.432051512,193.1007598,jute
130,59,19,25.07278712,82.50257909,6.520403794,93.51042684,cotton
3,18,31,31.65333432,48.20662669,6.392313973,91.09745581,mango
14,21,35,29.52501367,91.91185319,6.121005506,194.3100272,coconut
32,57,22,28.6899851,87.50436797,6.769415888,44.56598352,mungbean
82,48,36,25.79351957,81.76904006,6.352076783,193.2418382,jute
83,45,21,18.83344471,58.75082029,5.716222912,79.7532896,maize
13,74,25,24.12192608,61.09533545,6.461618577,44.23629285,lentil
99,15,27,27.0424167,57.27927475,6.501157208,165.6872119,coffee
59,62,52,43.67549305,93.10887229,6.608667684,103.8235658,papaya
29,34,26,33.88004781,54.39416048,6.273953676,89.29147581,mango
3,69,23,28.67408774,63.18832976,7.299360767,42.96018627,lentil
29,22,43,19.66329768,87.95158129,5.561851831,106.0380805,pomegranate
31,56,23,31.46846241,35.39454002,5.661826398,174.5723999,pigeonpeas
28,27,34,32.45465292,50.69693751,6.526654345,95.04871605,mango
117,76,47,25.56202173,77.38229006,6.119216009,93.10247183,banana
116,52,19,22.94276687,75.37170612,6.114525877,67.08022574,cotton
23,62,19,16.51783455,20.4555596,5.609435128,98.77794225,kidneybeans
90,42,43,20.87974371,82.00274423,6.502985292,202.9355362,rice
20,20,10,11.86631922,93.68394562,6.976997772,106.060149,orange
24,140,205,12.087022,83.59398734,5.93202852,68.66813363,grapes
31,121,201,23.15791104,90.34396882,5.731535258,110.712841,apple
107,34,32,26.77463708,66.4132686,6.78006386,177.7745075,coffee
98,43,35,25.40785911,76.44048625,7.319952206,188.6372826,jute
29,78,25,19.95991719,59.33157782,5.982854523,195.787103,pigeonpeas
44,74,85,20.18649426,19.63719995,7.150681303,78.26039559,chickpea
12,67,23,25.62896213,63.14909763,6.585020303,45.49683991,lentil
13,28,33,28.130115,95.64807631,5.686972967,151.0761899,coconut
74,39,38,23.24113501,84.59201843,7.782051313,233.0453455,rice
24,53,17,28.95451232,89.07866095,6.421271178,57.65901369,mungbean
58,73,16,33.36984395,65.67718163,6.874142175,64.89517488,blackgram
2,129,201,22.78234161,94.36803516,5.682343744,122.1449949,apple
2,56,23,26.65333029,59.79023382,7.550090941,36.91852635,mothbeans
18,5,11,20.87947369,90.93756231,6.251586885,102.4550786,orange
113,37,20,25.03300222,79.04368718,7.393441155,97.10087029,cotton
55,77,22,31.4345059,62.99303471,7.76061831,64.77651469,blackgram
109,26,45,28.27973674,90.38971208,6.224535449,21.58992507,muskmelon
49,54,50,25.62446619,93.18240298,6.762522087,97.26336657,papaya
81,16,45,26.90435747,86.25426228,6.727468157,59.75980023,watermelon
20,7,45,18.90592319,89.24126808,6.077886012,112.4750941,pomegranate
65,60,22,25.36768364,72.52054555,6.606984086,107.9124111,maize
12,31,26,35.7877738,51.94190321,5.395275719,100.2160615,mango
17,16,14,16.39624284,92.18151927,6.625538653,102.944161,orange
104,35,28,27.51006055,50.66687215,6.983732393,143.9955548,coffee
40,55,18,30.38257873,40.5926071,7.115994051,47.95406479,mothbeans
20,68,17,30.11873003,60.11680815,6.578714843,71.72980375,blackgram
32,41,16,28.63618921,61.39451307,7.702287236,68.54877876,mothbeans
73,35,38,24.88921174,81.97927117,5.005306977,185.9461429,rice
59,55,79,20.36720401,16.89574311,8.766128654,82.2545577,chickpea
2,21,44,18.92157197,87.31290342,6.56893406,102.8013275,pomegranate
93,22,48,29.12533739,91.52291141,6.776987974,21.90440445,muskmelon
85,58,41,21.77046169,80.31964408,7.038096361,226.6555374,rice
26,37,30,35.39986338,49.45962621,6.166173834,97.41054011,mango
8,59,18,29.50523036,35.72032498,6.216814453,187.8961851,pigeonpeas
5,15,38,18.26233221,88.16779129,5.709380472,108.0756727,pomegranate
82,46,41,23.3250131,79.79609448,6.581693772,187.3096148,jute
51,57,55,24.70528368,90.14732171,6.676407337,108.4103158,papaya
102,11,45,29.03167341,93.12603235,6.35544263,24.15591199,muskmelon
13,60,25,17.13692774,20.59541693,5.68597166,128.256862,kidneybeans
21,26,27,27.00315545,47.67525434,5.699586972,95.85118326,mango
33,29,34,31.40948821,49.21729127,6.832979509,92.99739415,mango
127,37,18,24.87663664,76.30050373,7.041065585,91.9223468,cotton
85,53,38,24.90075709,73.84186449,6.588017308,153.8990984,jute
34,34,35,27.27433181,47.16808054,6.422710539,95.257992,mango
58,75,25,25.25596239,61.36669662,7.261791753,68.64685069,blackgram
119,7,55,26.03867719,84.6378378,6.031424482,44.3993381,watermelon
91,21,50,24.33528185,81.44030363,6.762030215,48.32113628,watermelon
94,54,17,23.39128187,61.74427165,5.871647806,107.3198135,maize
29,35,28,28.3471611,53.53903102,6.967417766,90.40260445,mango
7,56,23,26.33908791,40.00933429,5.545219232,55.50429227,mothbeans
77,58,19,22.8056033,56.50768935,5.791649933,101.5952794,maize
27,72,23,19.92889503,21.79992115,5.961934481,64.02640797,kidneybeans
18,27,41,22.36509395,92.30882391,7.175344328,104.8216333,pomegranate
7,15,32,25.03512351,95.89739958,6.182232762,174.796583,coconut
24,73,20,19.63736208,32.31528909,4.608695247,176.4134092,pigeonpeas
49,72,15,31.55846339,67.83563765,7.137004749,74.86960831,blackgram
22,8,33,28.43572863,95.8840407,5.665785202,203.9283708,coconut
83,38,35,25.70822684,52.88667115,7.18915558,136.7325092,coffee
75,41,35,24.97042599,78.62697699,6.856833064,166.6415254,jute
89,40,43,26.24532085,72.97198375,7.124050134,189.9711184,jute
56,79,15,29.48439992,63.19915325,7.454532137,71.89090748,blackgram
34,73,15,20.97195263,63.83179889,7.630424083,53.10207889,lentil
31,20,30,32.17752026,54.01352682,6.207495815,91.88766069,mango
53,55,55,33.32315744,91.25271223,6.709668804,234.496633,papaya
111,5,50,27.59350075,91.79742953,6.399891457,24.84266123,muskmelon
118,18,52,28.04943594,90.83130708,6.562832807,20.76223014,muskmelon
90,50,44,26.91643698,73.48655995,6.253408852,171.4716375,jute
18,19,27,27.75518664,52.34605806,4.772385986,94.11213345,mango
39,30,38,20.12644921,87.59629625,6.965156738,108.065579,pomegranate
66,44,20,19.0781471,69.02298571,6.740000688,80.72515943,maize
38,51,52,32.66160599,90.78931681,6.927803911,78.85085502,papaya
89,25,50,27.04863538,91.34685096,6.375923383,25.08146686,muskmelon
113,6,52,27.76317235,90.35567642,6.740983646,25.21609113,muskmelon
35,145,195,22.03911546,94.58075845,6.231950009,110.9804014,apple
36,144,196,23.65167552,94.50528753,6.496934492,115.3611268,apple
22,9,44,24.72235539,88.87651295,5.744361602,112.1926517,pomegranate
58,51,47,42.13473976,91.70445386,6.757470637,197.402901,papaya
116,36,25,27.57847581,58.52534263,6.172090205,156.6810374,coffee
23,45,21,31.46511256,51.79939437,8.985348193,74.44330654,mothbeans
5,59,15,18.87492997,20.18238348,5.97229163,134.1811718,kidneybeans
42,61,22,26.27274407,62.28814857,7.418650668,70.23207557,blackgram
95,21,47,27.93114233,93.56161439,6.431970877,20.66127836,muskmelon
9,8,15,14.34320488,94.35734702,7.994465371,110.2223123,orange
133,47,24,24.40228894,79.19732001,7.231324765,90.8022356,cotton
68,40,19,26.14384005,66.20569924,6.655426355,107.2361366,maize
21,6,41,24.88244467,89.39686219,7.086947687,107.1951707,pomegranate
18,30,29,26.7627493,92.86056895,6.420018717,224.5903664,coconut
42,62,75,18.17912258,18.90426935,7.010570541,81.84997529,chickpea
86,37,16,20.51716779,59.21235483,5.561510732,67.61013737,maize
81,40,45,25.7629429,80.76238215,6.427726565,174.5071843,jute
78,58,44,26.80079604,80.88684822,5.108681786,284.4364567,rice
31,68,45,42.92325255,90.07600528,6.938313356,196.2408242,papaya
39,42,20,29.3499706,61.25353851,8.055908858,40.82840673,mothbeans
11,132,197,15.99050693,81.23966573,5.734317007,74.40198861,grapes
0,65,15,23.46168338,23.22197648,5.645435626,95.84253438,kidneybeans
56,67,78,17.57445618,16.71826572,8.255450758,77.81891424,chickpea
76,44,17,20.41683147,62.5542482,5.855442401,65.27798457,maize
88,17,52,29.90415889,90.75284363,6.646962425,25.37828397,muskmelon
39,71,84,20.28155898,16.39535215,8.140825437,82.52339655,chickpea
7,28,35,30.02086169,46.78393776,4.66910839,96.63721027,mango
23,23,30,32.82141065,47.45553843,4.755273631,90.89173106,mango
111,41,18,23.64328417,78.1258666,6.10539819,80.96157332,cotton
40,21,8,34.90665289,92.87820148,7.418761774,102.1906333,orange
25,70,16,19.63474332,18.90705639,5.759237003,106.3598183,kidneybeans
20,139,202,23.50201428,92.21083961,5.66999105,107.9868949,apple
117,51,15,22.9535715,78.71555832,6.044556594,99.75336197,cotton
13,47,20,29.21780035,87.93724219,6.54450214,43.1386631,mungbean
31,51,25,27.53592929,85.5701901,7.196774236,53.01899249,mungbean
0,49,18,29.68361658,87.93598094,6.990095452,41.82490236,mungbean
13,7,43,18.20230419,91.12282162,7.013481515,109.6623974,pomegranate
3,60,19,25.74679443,40.7192594,4.820788186,100.7791633,pigeonpeas
14,18,35,31.09154239,47.02058367,4.791146778,91.46664318,mango
83,23,55,26.89750174,83.89241484,6.463271076,43.97193745,watermelon
76,44,45,25.4879684,84.48235878,6.740947635,168.7848886,jute
68,52,49,24.42561272,92.27749066,6.577192175,63.35298768,papaya
82,24,33,26.53543168,67.09608099,6.809593554,120.6494434,coffee
40,73,20,21.59343016,20.31871249,5.811314232,61.13872036,kidneybeans
84,40,42,26.2830571,73.35763537,6.704273839,186.6898282,jute
19,7,9,27.255435,91.71369387,6.969883483,101.139435,orange
63,41,45,25.29781791,86.8870535,7.121933579,196.6249511,jute
15,125,199,18.4269936,80.55625868,5.569230319,69.75734306,grapes
120,24,47,26.98603693,89.4138489,6.260838965,58.54876687,watermelon
15,140,195,13.28504331,83.54193816,5.69945282,65.80006004,grapes
16,75,21,18.50692825,23.61670065,5.679224346,87.0513289,kidneybeans
6,36,22,24.21610338,59.79236306,8.869532817,42.24783476,mothbeans
118,40,35,26.35034208,58.50650238,7.460174812,121.5586297,coffee
80,26,55,24.53442564,88.989272,6.140099215,49.11618732,watermelon
112,17,28,27.62975458,61.26002598,6.777417989,196.6492664,coffee
26,24,34,31.27180992,52.23810152,6.811291098,89.74409017,mango
107,11,54,28.59052369,91.33617236,6.094016338,29.44008034,muskmelon
39,60,21,34.89814946,63.59948557,6.97297656,64.72797143,blackgram
0,19,31,25.51791333,94.38420565,6.271952833,178.7297725,coconut
33,61,24,20.04611791,48.93905624,4.567446499,122.4564203,pigeonpeas
37,55,82,19.45591848,18.02235902,8.423873703,78.44910564,chickpea
37,77,20,25.93381964,68.70533022,7.080506001,51.02372773,lentil
108,24,31,24.12832546,56.18107663,6.431899748,147.2757818,coffee
96,41,40,23.58419277,72.00460848,6.090060478,190.4242157,jute
36,56,83,18.89780215,19.76182946,7.4526709,69.09512477,chickpea
92,75,45,29.01207743,77.95192527,5.674403359,90.43495443,banana
59,62,83,18.57665902,19.22008229,8.104396058,72.94940441,chickpea
87,60,23,20.27317074,63.91281869,6.439071996,62.50351892,maize
59,60,84,19.03025305,18.66725565,7.690962338,94.70992037,chickpea
9,77,17,20.12373284,24.45202552,5.783425416,106.158201,kidneybeans
99,5,47,24.13078816,84.84494575,6.649086972,51.19470197,watermelon
99,15,27,27.41711238,56.63636248,6.086922359,127.92461,coffee
13,61,22,19.44084326,63.27771461,7.728832424,46.83130119,lentil
90,39,37,24.81441246,81.68688879,6.86106911,190.7886386,jute
86,79,45,27.81251452,82.69285419,5.80766417,99.20961514,banana
82,43,38,23.28617173,81.43321641,5.105588355,242.3170629,rice
27,64,21,32.84213012,68.68401492,7.543804223,73.67166182,blackgram
94,50,37,25.66585205,80.66385045,6.94801983,209.5869708,rice
69,66,49,40.00439101,90.17015833,6.52711001,92.11877372,papaya
39,9,15,25.35467646,91.81183218,7.992041984,116.7555937,orange
86,18,45,28.96586565,90.71832938,6.566759102,22.25838137,muskmelon
55,60,15,32.79766751,68.77994074,7.163043872,64.11411069,blackgram
56,75,15,30.20157245,60.06534859,7.152272256,66.37171179,blackgram
38,60,20,29.84823072,60.63872613,7.491217102,46.80452595,lentil
27,80,24,28.42062847,61.77336343,7.815210661,49.02366803,lentil
61,64,52,43.30204933,92.83405443,6.641098708,110.562229,papaya
84,7,51,26.81530456,87.65694462,6.399669044,55.74073582,watermelon
14,67,15,19.56376468,24.67385131,5.690065688,139.2921004,kidneybeans
11,53,24,28.52396666,55.77264351,7.39389918,61.32935611,mothbeans
2,51,17,25.87682261,45.96341933,5.838508699,38.53254678,mothbeans
14,75,24,24.54757829,57.3414485,6.436160044,118.3606557,pigeonpeas
56,58,49,37.13165026,94.60761797,6.69215564,172.4788062,papaya
34,80,19,31.49338309,63.0563645,6.521217963,71.48327008,blackgram
90,57,24,18.92851916,72.80086137,6.158860284,82.34162918,maize
5,77,19,31.08564994,66.68832981,6.242052013,175.9303271,pigeonpeas
59,63,18,31.65531175,60.13263713,6.52669158,66.69096751,blackgram
28,72,84,18.72963144,19.18197264,6.481783043,71.58010169,chickpea
50,59,47,40.76998685,92.09278584,6.747975732,209.8678411,papaya
92,21,48,25.81692236,82.043255,6.377427122,54.82963379,watermelon
26,121,201,22.19109412,90.02575116,6.162034371,112.3126628,apple
15,45,23,24.20422636,61.43378674,7.224193642,46.0203959,mothbeans
58,70,84,20.6543203,16.60820843,6.231049028,74.6631118,chickpea
36,24,41,24.94467632,94.25702672,7.009180374,103.8799347,pomegranate
117,34,25,24.83846178,56.7685316,7.21270048,124.4135035,coffee
38,38,18,26.31051759,61.18749126,6.294130313,35.73403813,mothbeans
75,36,44,23.28081,74.27607475,6.613341343,153.7447398,jute
60,49,44,20.77576147,84.49774397,6.244841491,240.0810647,rice
35,30,34,28.2974764,95.41122824,6.141502001,182.4482352,coconut
34,21,42,18.75927679,89.93457597,6.648687274,111.0196744,pomegranate
80,15,28,23.11438731,68.00096043,6.703270635,161.8944624,coffee
25,76,17,31.74105409,68.63525428,7.241148507,62.3061735,blackgram
50,64,25,28.84079155,63.37230676,6.734447425,70.25496749,blackgram
34,60,25,29.78416743,85.16906976,6.79385576,40.77872823,mungbean
95,16,55,25.26931156,87.55055105,6.612847999,40.12650421,watermelon
25,7,35,28.38503882,99.18843684,5.55771171,189.6711349,coconut
54,65,47,27.92765919,91.55594211,6.721835879,149.9107557,papaya
102,28,54,25.15623099,80.27525115,6.862157042,55.49541453,watermelon
82,78,46,25.05802193,84.97323747,5.738678895,110.4408803,banana
100,40,35,27.56441788,54.41094079,6.955787351,177.816092,coffee
35,41,18,28.70562673,81.59200689,6.705008504,59.87065439,mungbean
24,21,42,20.82210727,87.22815682,6.999014379,109.4429934,pomegranate
19,79,19,20.06003985,67.76252583,6.677262562,42.89509057,lentil
22,49,22,28.23494706,61.5620517,3.71105919,72.66666443,mothbeans
29,54,16,27.78031515,54.65030015,8.153022903,32.05025323,mothbeans
117,25,53,29.11858526,92.12543021,6.413927319,24.52020164,muskmelon
12,71,19,24.91079638,60.71367427,7.142611056,42.19740397,lentil
22,78,76,17.84851658,19.09172907,8.621662982,76.32470713,chickpea
126,37,21,25.84997269,84.16855231,6.61448588,77.03421249,cotton
111,53,19,23.96436009,78.02763149,6.419536555,84.63148859,cotton
40,121,199,26.18159716,81.03886263,6.315586313,66.05911698,grapes
27,64,15,20.16080524,24.84207559,5.514927264,138.2362122,kidneybeans
74,48,17,21.63162756,60.27766379,6.430616465,69.21803098,maize
31,79,25,23.18864385,22.3104551,5.902033406,63.38208822,kidneybeans
33,134,205,21.0365275,94.33919546,6.08551916,114.7412734,apple
100,17,48,29.72791119,94.29753295,6.367800632,26.52364146,muskmelon
106,70,55,25.86824781,78.52399914,5.74055541,116.3019555,banana
43,66,79,19.46233971,15.22538951,7.976607593,74.58565097,chickpea
25,17,40,18.91251245,87.74938524,6.608023872,111.2800516,pomegranate
69,47,40,25.37122686,76.2403666,6.130136384,183.8270791,jute
6,13,9,34.51423957,90.56151463,7.786725333,118.3271968,orange
20,142,196,10.89875873,80.01639435,6.207600783,68.69420397,grapes
63,58,47,26.83054058,90.75379971,6.864143752,144.6656444,papaya
25,130,197,39.70772192,82.68593454,5.554831977,74.91506217,grapes
66,58,35,23.5643831,79.46283115,7.321619041,185.25947,jute
37,72,18,18.87614998,24.54038287,5.724242065,105.4120514,kidneybeans
20,7,9,29.47741671,91.57802915,7.129136941,111.1727497,orange
44,60,55,34.2804607,90.55561637,6.825371185,98.54047745,papaya
87,23,28,26.22367404,62.26594559,6.979590627,193.7461968,coffee
67,46,44,26.82489244,78.20392774,7.093328631,153.9199807,jute
23,70,15,34.6008247,63.11296779,7.403623355,60.41790253,blackgram
110,7,45,26.63838589,84.69546874,6.189213927,48.32428609,watermelon
11,40,23,29.61253065,63.04749127,5.80428611,50.1978269,mothbeans
102,71,48,28.65456263,79.28693687,5.695267822,102.4633775,banana
28,58,81,17.47500984,16.54314829,6.18042747,93.35034262,chickpea
99,41,36,24.45802087,82.74835604,6.738652179,182.5616319,rice
46,76,77,18.2356751,19.68538502,6.967843048,83.74879344,chickpea
26,9,32,25.9490364,94.73860514,6.470465614,144.1571109,coconut
26,54,17,28.5474135,88.9570454,6.27258822,49.4897245,mungbean
21,80,20,28.20667264,68.27085245,7.350869792,64.32887142,blackgram
100,32,26,25.234661,57.53161469,6.043485685,124.2261737,coffee
89,28,33,26.44414097,53.83876189,6.993236001,175.3723314,coffee
91,21,26,26.33377983,57.36469955,7.261313694,191.6549412,coffee
110,21,54,26.73690828,87.82430156,6.747537642,47.46447019,watermelon
25,132,198,22.31944084,90.85174383,5.732757516,100.1173443,apple
111,28,26,27.77363343,64.47858698,6.937352845,192.7121236,coffee
29,122,196,41.94865736,81.15595212,5.638328481,73.06862952,grapes
35,138,200,21.19909519,90.80819418,5.67130617,103.6838922,apple
98,22,47,29.07265321,91.91533173,6.341400922,28.83568362,muskmelon
119,19,55,25.18780042,83.44621709,6.818261383,46.87420883,watermelon
109,21,55,24.9004602,89.73524177,6.770278088,57.44942094,watermelon
22,72,85,18.86805647,15.65809214,6.391173589,88.51048983,chickpea
87,6,45,29.82729394,90.79007335,6.40077205,22.84203589,muskmelon
73,58,21,19.97215954,57.68272924,6.596060648,60.65171481,maize
113,19,46,25.41864024,81.12122989,6.286387658,49.52320689,watermelon
80,90,47,26.59743595,79.35898915,6.21084479,107.3944717,banana
35,63,76,17.81564548,17.60756635,7.714153038,90.82097601,chickpea
3,68,16,18.31910448,34.69776639,4.964887857,107.4721605,pigeonpeas
113,20,48,27.46583649,94.87679041,6.440584681,27.27899847,muskmelon
6,64,23,23.33565221,67.40460704,7.065264073,36.18678721,lentil
5,13,37,22.34375696,89.7870345,5.648243649,103.3183074,pomegranate
59,47,53,32.86316618,91.4618874,6.850663232,47.271547,papaya
2,39,15,28.07219563,82.9116472,6.478557136,49.61865305,mungbean
39,29,29,26.50908611,94.48414544,6.143662699,199.8778403,coconut
82,23,49,26.81383586,87.21986949,6.873283991,51.70497792,watermelon
23,45,23,28.77653519,86.69133979,6.983130466,56.12443206,mungbean
4,134,200,28.57828803,80.95628959,5.840256272,73.34232097,grapes
4,59,25,27.68515114,81.94268594,6.227134139,54.62243308,mungbean
78,42,42,20.13017482,81.60487287,7.628472891,262.7173405,rice
112,28,54,24.86094646,85.05318563,6.738030547,55.29563514,watermelon
23,7,34,26.1055118,91.52421214,5.852038202,134.1279669,coconut
32,121,199,39.37102553,81.25353895,6.129812716,74.08101744,grapes
114,40,17,24.32630461,80.13456404,6.363406102,69.45072055,cotton
7,141,195,23.8812458,93.45067555,5.514253142,104.9116663,apple
39,24,39,23.65374106,93.32657504,6.431265737,109.8076178,pomegranate
5,56,24,24.80710166,45.01110015,5.023115055,188.4928637,pigeonpeas
30,20,38,22.59890174,93.16343942,7.058222596,110.0932899,pomegranate
33,73,23,29.23540524,59.38967583,5.985792703,103.3301803,pigeonpeas
93,47,37,21.53346343,82.14004101,6.500343222,295.9248796,rice
39,78,15,21.35499456,62.60136323,5.925391795,41.78219834,lentil
36,38,15,28.36363858,87.59810657,6.320662012,57.99524359,mungbean
33,14,35,27.14865285,96.66355213,6.027707171,149.2433497,coconut
69,67,52,27.71948962,94.43877142,6.827305908,82.83061083,papaya
35,18,26,31.99490489,50.84881347,5.279388967,97.38741498,mango
15,14,8,10.01081312,90.22399223,6.22094286,119.3941064,orange
105,93,46,25.01018457,78.76260938,5.760457558,108.3690513,banana
28,70,21,25.39038396,60.4989659,7.437373666,39.18374505,lentil
31,26,9,11.69894639,93.25638873,7.566165721,103.2005992,orange
134,52,18,23.9643129,76.59175937,7.994679507,76.13090645,cotton
101,87,54,29.07311132,76.50045221,6.376756633,100.1692639,banana
101,75,50,26.59386409,81.40740301,6.242528278,109.9825551,banana
95,55,42,26.79533926,82.1480873,5.950660556,193.3473987,rice
94,50,19,23.30355338,73.62548442,5.873242491,97.59081274,maize
95,75,50,28.08166093,75.26429821,5.623615687,118.2761894,banana
76,39,24,24.2547451,55.64709899,6.995843776,64.23845455,maize
32,56,21,27.38538997,88.66663953,6.702772465,58.29933073,mungbean
105,95,50,27.33368994,83.67675197,5.849076099,101.0494791,banana
117,81,53,29.50704598,78.20585613,5.507641778,98.12565829,banana
117,26,30,27.92374437,67.96910852,7.079850922,115.2325531,coffee
0,55,22,22.98666928,20.57940608,5.916779289,143.8584938,kidneybeans
34,48,48,41.04224355,91.37258067,6.805277038,181.527598,papaya
32,76,15,28.05153602,63.49802189,7.604110177,43.35795377,lentil
4,41,20,28.14720892,83.8001509,6.647965508,37.44800463,mungbean
18,58,16,21.47607807,38.80023714,4.962661422,180.382234,pigeonpeas
26,18,30,32.06097197,51.08494181,6.336234624,96.59816497,mango
8,15,33,28.97318719,98.09861043,5.50158009,213.9011021,coconut
28,58,24,19.72702528,18.28173015,5.748190463,143.7630894,kidneybeans
6,8,11,24.35590861,92.39651663,6.600948788,119.6946577,orange
22,28,26,27.67256197,45.41692012,4.947683034,92.84991507,mango
73,45,37,23.70467146,74.63745355,6.742688094,181.2783964,jute
104,47,18,23.9656349,76.97696717,7.633437412,90.75616738,cotton
19,123,200,34.76086052,81.03544763,6.167013532,65.70430027,grapes
21,63,17,25.08966129,68.17543102,6.559681838,41.45486619,lentil
19,39,17,29.2808618,81.8009244,6.890156495,44.47427436,mungbean
40,29,42,24.63228709,89.01574455,7.104094929,110.6956184,pomegranate
22,67,22,29.03017561,64.49166566,7.475926645,54.9393771,lentil
92,7,45,26.70607759,81.14149505,6.944640222,51.51033554,watermelon
75,56,44,25.2746335,73.7459581,6.109478059,168.0432282,jute
88,35,35,27.55906475,58.45742907,6.784460602,117.9389993,coffee
20,60,25,27.3254209,69.09047809,6.726469088,61.19250859,blackgram
16,56,17,33.80020039,40.03262418,7.445444883,176.6165894,pigeonpeas
9,59,25,30.39321309,60.16299493,7.699200949,35.37493212,mothbeans
113,33,34,26.00373964,62.1445102,6.559817161,153.477776,coffee
20,8,12,25.2990432,94.96419851,7.260416405,117.9733424,orange
28,6,40,22.10621387,91.34039616,6.769855664,106.8704803,pomegranate
62,49,37,24.21744605,82.85284045,7.479248124,166.1365886,jute
7,79,23,19.6365349,19.68751084,5.821649914,96.65888933,kidneybeans
25,35,20,28.90245417,43.35365671,8.923095695,71.90018566,mothbeans
37,137,199,22.63946441,90.18451645,5.697945522,108.3405879,apple
0,17,30,35.47478322,47.97230503,6.279133738,97.79072474,mango
13,132,203,23.60115364,82.48336987,6.423216506,73.23901752,grapes
30,41,15,24.83206631,44.17085032,5.88509677,52.0810886,mothbeans
9,139,199,23.25230817,94.54128292,5.867420996,105.3558408,apple
21,17,15,23.98289638,91.5473145,7.455991072,118.4901697,orange
57,64,55,26.68386496,92.9585411,6.583760499,62.50689682,papaya
64,45,43,25.62980105,83.52842314,5.534878156,209.9001977,rice
9,10,10,22.3551049,93.52211892,6.010391864,101.5164589,orange
40,30,35,20.89273273,91.07776977,6.269663963,104.4407083,pomegranate
32,55,51,29.60718808,93.15642801,6.57398033,62.68710535,papaya
33,138,198,22.29423493,90.69033986,6.222390798,122.7418744,apple
68,70,54,31.29986342,92.76039164,6.986228647,54.77830202,papaya
29,132,204,23.08950736,90.22507299,6.0967531,108.2166601,apple
23,5,44,21.20725375,94.26304717,7.16300467,107.5660804,pomegranate
10,55,23,21.18853178,19.63438599,5.728233081,137.1948633,kidneybeans
1,76,19,24.18553163,46.68746847,6.669529416,177.3377996,pigeonpeas
22,23,44,20.13037175,89.31505137,6.143874691,107.3416913,pomegranate
13,69,19,17.30844532,20.01730914,5.86390397,115.199245,kidneybeans
39,7,29,27.54273211,94.59086121,6.362544111,150.2012138,coconut
16,10,41,24.77464458,85.63608688,6.738993954,105.7595811,pomegranate
66,60,38,22.08576562,83.47038318,6.372576327,231.7364957,rice
13,73,20,30.50420876,35.48885969,5.391560418,162.5927723,pigeonpeas
21,63,17,15.77370214,19.2303162,5.979973965,108.3441414,kidneybeans
14,74,19,18.39759147,36.82639309,6.624966131,93.12330644,pigeonpeas
35,135,199,21.77466746,80.54942557,6.400719746,69.39630398,grapes
28,75,21,24.7741949,50.54621094,6.007508163,114.2821387,pigeonpeas
32,70,20,20.89342749,46.24856523,6.208843215,195.5697875,pigeonpeas
101,10,47,25.5421695,83.31883376,6.936997681,57.57343233,watermelon
99,55,35,21.7238313,80.2389895,6.501697816,277.9626192,rice
102,25,50,28.20480805,92.91440379,6.099662369,20.36001144,muskmelon
109,23,25,25.11711046,68.48030408,7.00733163,194.8773479,coffee
19,38,26,31.48451729,48.77926304,4.525722333,93.17221967,mango
99,39,18,19.20129357,68.30578978,6.11275104,87.85092352,maize
32,25,35,18.09903225,85.70786282,5.892913826,107.0050976,pomegranate
81,6,55,24.88910524,85.87059083,6.110142735,51.70699144,watermelon
4,13,6,15.63211033,94.25966183,7.561143224,101.4705704,orange
22,17,5,24.12188673,90.72351622,6.945562889,102.835632,orange
40,64,16,16.43340342,24.24045875,5.926676985,140.3717815,kidneybeans
133,47,23,24.88738107,75.62137159,6.827354668,89.76050416,cotton
21,21,38,22.5526059,89.3259486,6.327673765,104.8955643,pomegranate
89,11,47,29.78714005,94.65343534,6.327822962,27.8659442,muskmelon
16,77,22,31.48469278,35.6395615,6.574209678,100.546816,pigeonpeas
28,67,21,21.79792649,63.73086065,6.250994223,46.62370222,lentil
30,75,81,19.41789736,16.80472243,6.408437886,68.4951189,chickpea
117,19,55,28.80311922,91.78336933,6.121745389,25.16359891,muskmelon
21,78,19,27.16159076,66.76017239,6.92009048,69.85112265,blackgram
17,52,17,27.88352946,86.45147631,6.364967184,44.64407105,mungbean
20,77,23,34.87248659,38.83786012,5.180271502,148.2502786,pigeonpeas
86,40,39,25.72100868,88.16513579,6.207459637,175.6086697,jute
20,67,19,19.24462755,50.54495302,5.671419084,180.6465282,pigeonpeas
99,57,35,26.75754171,81.17734011,5.960370061,272.2999056,rice
16,29,13,32.31944397,93.67804556,6.196907944,117.6236473,orange
66,69,47,23.69212243,93.61055571,6.912299695,87.53393983,papaya
78,58,15,25.00933355,67.816568,6.528631266,62.91359494,maize
45,47,55,38.4191628,91.14220381,6.751452932,119.2653877,papaya
7,17,26,34.89226666,48.75613373,6.414526606,91.63074547,mango
21,74,15,29.49096726,67.10604388,6.471862118,153.2504506,pigeonpeas
29,36,25,28.28511547,88.4393979,7.130278657,48.56690235,mungbean
49,55,51,24.87212063,93.90560147,6.676578778,135.1694525,papaya
113,85,45,27.94972463,76.63713353,6.037430836,109.0921631,banana
88,78,45,29.10403455,79.19588629,6.324270089,92.07835761,banana
24,27,34,28.87862994,95.11320315,6.203376525,145.0583117,coconut
49,55,78,18.65580107,16.17772668,7.863113671,81.70769297,chickpea
56,50,52,33.08706051,92.25197542,6.770384816,88.1300769,papaya
50,58,23,27.81326852,62.50460464,7.596802025,69.75555541,blackgram
82,75,55,27.34585147,78.4873835,6.281069505,92.15524332,banana
1,17,6,10.78689755,91.38411917,6.8198271,117.5293447,orange
29,71,18,22.17499963,62.13873825,6.410441476,53.46622584,lentil
20,45,22,29.5888162,89.9939693,6.904587016,54.96121262,mungbean
37,50,23,29.65296893,88.48587386,6.5304707,56.01913159,mungbean
60,61,78,20.71219282,19.83643308,6.317153205,94.03659867,chickpea
70,42,43,23.16814977,76.66724969,6.508342839,157.1215052,jute
90,44,38,23.83509503,83.88387074,7.473134377,241.2013513,rice
0,27,38,22.44581266,89.90147027,6.738016221,109.3905998,pomegranate
37,57,20,31.1006247,44.82069159,7.354286985,70.79934452,mothbeans
76,56,39,24.39459498,89.89106506,6.551130445,197.1220049,jute
10,125,196,22.31253665,90.03577124,5.730557448,113.0688155,apple
58,67,45,38.72382798,91.72514851,6.702424548,62.62377075,papaya
20,40,15,29.57329479,88.07505524,7.199495368,45.04467075,mungbean
43,64,47,38.58954491,91.58076549,6.825664782,102.2708231,papaya
21,9,40,24.51147697,90.64498715,5.956401828,105.6209954,pomegranate
37,11,36,24.24779615,85.56033312,6.710143266,106.9216033,pomegranate
8,58,17,28.75273118,69.15640149,7.286049978,35.15426171,lentil
75,38,39,23.44676801,84.79352417,6.215109715,283.9338466,rice
83,79,55,25.14748006,83.34688193,5.565028635,98.66679427,banana
9,76,25,28.88302142,50.12323801,5.70951224,179.2155874,pigeonpeas
8,45,15,28.09568993,60.9835384,4.61136408,33.84110759,mothbeans
10,71,18,19.54284889,66.34777265,6.151029296,173.1106982,pigeonpeas
6,47,18,29.16174608,80.28038146,6.715276663,40.16545979,mungbean
36,44,21,25.12528913,51.33189406,4.516154055,38.48678973,mothbeans
106,46,20,23.43821725,78.63388824,6.200671976,81.15072105,cotton
40,79,17,21.12695586,63.18738532,6.403683619,38.71834464,lentil
16,65,19,27.61204997,69.29786244,7.043160241,42.72374404,lentil
23,37,24,28.77833449,44.2252605,7.991902443,33.95825723,mothbeans
33,121,203,22.45696744,94.76285385,5.605934087,114.8407725,apple
81,45,23,19.32666088,68.034493,6.192360003,84.22969177,maize
30,64,20,33.8642935,61.57072498,6.573531614,68.02199825,blackgram
19,36,22,25.44689075,58.55363573,6.16496284,57.04826619,mothbeans
30,37,25,29.89129144,80.14487166,7.120032489,54.7960127,mungbean
20,73,22,16.03768615,22.33195853,5.976312538,130.3900798,kidneybeans
84,40,43,25.01157559,88.3313023,7.228268228,169.4168014,jute
29,128,198,22.44075021,92.70785115,5.685062404,121.4977331,apple
100,6,53,29.05248036,93.92217834,6.105909623,23.66620626,muskmelon
35,52,15,28.69841277,61.14754363,9.93509073,65.67591794,mothbeans
18,125,203,22.44307715,91.59234006,6.160267496,102.5565807,apple
5,68,20,18.72987676,61.33186249,5.001038726,139.8710041,pigeonpeas
24,45,19,26.85851927,48.8246387,5.952384957,34.7426459,mothbeans
14,121,203,9.724457611,83.74765639,6.158689406,74.46411148,grapes
125,39,21,25.03149561,82.21276599,7.954629324,95.0191318,cotton
4,36,22,27.60887393,86.13316408,7.012740397,43.80041104,mungbean
6,48,24,28.6362812,84.61431076,6.790736339,48.48319335,mungbean
56,65,45,38.2016825,93.97379963,6.751298936,218.0908814,papaya
118,13,54,24.41311871,89.81574032,6.039584629,44.07843475,watermelon
108,46,17,24.3017998,84.87668973,6.93221485,65.0247867,cotton
40,51,17,28.66086349,86.12194568,6.860602782,50.01534317,mungbean
97,59,43,26.35927159,84.04403589,6.286500176,271.3586137,rice
43,68,20,29.57812712,66.17587668,7.497469256,69.43895491,blackgram
18,23,44,23.71028128,89.61794165,6.184400085,105.6499907,pomegranate
67,68,49,35.26824831,92.38282957,6.821774589,149.8488208,papaya
6,68,18,24.388717,62.50453062,6.711341147,47.26052494,lentil
74,43,23,25.95263264,61.89082199,6.325235159,99.57981207,maize
85,22,53,25.96534238,89.77076659,6.849471704,59.46338556,watermelon
96,46,22,20.58314011,69.00128641,6.499936446,66.29390357,maize
13,144,197,22.9215706,94.89613443,6.28022267,105.6941544,apple
35,51,17,28.79929247,49.84213387,3.558822825,40.85534718,mothbeans
29,25,35,28.3575072,91.64509299,5.542873799,160.7306991,coconut
6,62,22,20.53052663,18.09224048,5.824090984,120.4509288,kidneybeans
88,5,47,25.86475496,86.67468041,6.662244646,41.16554802,watermelon
60,55,40,24.9949957,88.95692783,7.02777956,151.4935635,jute
7,21,35,25.76011662,94.65830608,5.764812076,131.2451414,coconut
12,34,28,33.36140093,45.02236377,6.13526938,98.81596545,mango
95,23,45,27.82424457,90.56698742,6.266208727,21.19014526,muskmelon
67,35,22,23.30546753,63.24648023,6.385684214,108.7603001,maize
32,57,18,15.53834801,23.75560241,5.695422863,107.3850593,kidneybeans
41,62,15,29.38400259,64.14928485,7.358974541,65.24194361,blackgram
84,51,35,22.30157427,80.64416466,6.043304899,197.9791215,rice
58,46,45,42.39413392,90.79028064,6.576261427,88.46607497,papaya
35,64,15,28.47442276,63.53604453,6.500144962,69.5274407,blackgram
53,67,17,31.77681682,69.01852894,7.296972161,61.46892873,blackgram
26,50,19,27.3179125,51.66921088,6.005242945,32.55919573,mothbeans
50,55,16,28.81460716,65.33538112,7.581442888,62.26242533,blackgram
110,22,47,29.03157242,91.82172592,6.243673725,24.93861254,muskmelon
120,20,34,23.56960509,50.56339727,6.906124587,130.3797119,coffee
80,18,52,27.87317436,91.14849627,6.484799661,24.05207925,muskmelon
20,69,15,23.44260668,22.77255917,5.934136378,107.4137246,kidneybeans
3,136,205,17.5862944,80.84806564,6.334771461,71.4065452,grapes
36,27,26,26.58413917,95.78923137,6.25449571,171.6262299,coconut
0,74,17,23.33375853,64.50515776,7.240988401,47.01510708,lentil
8,60,18,31.21629982,46.01868196,3.808429173,53.1205277,mothbeans
108,22,46,26.17668721,86.7295205,6.121168559,53.33484977,watermelon
7,40,17,31.2123945,40.92604945,8.532078733,53.78769958,mothbeans
34,35,21,28.44524991,82.67639542,6.684381357,58.18713162,mungbean
20,45,17,28.17458662,83.69659318,6.770955317,37.2464655,mungbean
107,38,29,26.65069302,57.56695719,6.35118177,145.105065,coffee
2,38,18,27.53632932,89.92908171,6.619891498,45.48591922,mungbean
10,18,35,27.79797651,99.64573002,6.381975465,181.6942283,coconut
52,51,53,38.38231475,93.10378595,6.985804083,210.2735346,papaya
93,22,52,26.58740671,81.32563243,6.932739726,41.87540028,watermelon
84,37,42,25.49674786,81.13449097,6.691074249,169.9288234,jute
34,45,21,28.18837136,82.60629652,6.287380117,37.01110438,mungbean
27,10,33,27.81132822,97.48410555,6.465906333,154.0621221,coconut
3,26,39,24.38318965,91.19431555,7.079973241,103.6012114,pomegranate
37,126,196,23.59997268,90.97597665,5.596449493,107.1728191,apple
114,20,26,25.55656667,62.67087838,7.27905689,193.5866233,coffee
28,46,16,29.008124,84.96089355,6.664187809,45.91011391,mungbean
76,48,18,19.29563411,69.63481219,5.77597783,83.21030571,maize
9,122,201,29.58748357,80.91934392,5.570290539,68.06417307,grapes
36,55,20,27.01470397,84.34262707,6.635968698,55.296354,mungbean
27,8,32,27.00648436,96.46168931,5.627860549,144.3331315,coconut
13,67,18,30.5753044,34.75591197,5.384762927,177.5764304,pigeonpeas
38,135,203,23.76121837,93.661643,5.965551311,100.825956,apple
33,12,8,25.26052689,90.31153735,6.822282114,117.3695296,orange
33,31,34,31.32995611,50.22287593,5.421265283,89.78216168,mango
36,54,46,42.54744013,94.94482086,6.662875839,214.4103848,papaya
111,32,34,25.46743689,69.35161206,6.392048018,171.3764462,coffee
30,65,82,20.71424384,15.27824066,7.103798069,76.77888672,chickpea
12,129,205,22.36238282,91.15761594,6.119432215,118.6832725,apple
62,48,20,21.70181447,60.47470519,6.708446922,95.71388473,maize
6,139,199,25.67385024,81.6212135,6.29099842,74.10919422,grapes
12,37,30,31.09779147,47.41196659,4.546466109,90.28624348,mango
38,135,203,41.36106301,82.79782954,6.444373116,69.92107482,grapes
52,70,16,33.66855394,66.60416867,7.534811833,67.32520551,blackgram
0,137,195,22.4359017,80.18612085,6.329499832,65.3973168,grapes
116,81,55,26.42313317,83.6995044,5.915546415,95.12322062,banana
15,11,38,23.12808226,92.68328358,6.630646083,109.3930157,pomegranate
28,68,19,34.63880966,61.38597868,7.69950698,72.43169115,blackgram
82,40,45,26.21312799,81.70476368,6.667633355,180.1237765,jute
20,62,18,29.36358721,64.98742947,7.366542647,61.91208707,blackgram
90,46,42,23.97898217,81.45061596,7.50283396,250.0832336,rice
37,124,195,18.70679077,83.4795292,6.209928251,66.5964488,grapes
63,43,19,18.51816776,55.53128131,6.641906353,90.988051,maize
92,60,23,18.66746724,71.516474,5.721667141,69.93293255,maize
61,41,44,24.36972377,82.11319791,6.537914958,159.9210934,jute
54,61,77,18.81198127,15.21618225,6.206582193,77.5429424,chickpea
76,40,43,25.15745531,83.11713476,5.070175667,231.3843163,rice
106,85,53,27.1994597,78.8086068,5.91505509,99.72430835,banana
118,21,51,24.42998931,86.33904774,6.678805092,48.58241822,watermelon
11,14,5,11.50322938,94.8933184,6.946354724,115.5683776,orange
67,47,44,26.73072391,81.78596776,7.868474653,280.4044392,rice
29,8,28,26.87037587,91.72546257,6.100429497,214.4128874,coconut
21,39,20,28.14448546,82.1193047,7.064782138,46.75690086,mungbean
108,26,52,28.82629037,94.26765349,6.201797639,26.23838511,muskmelon
99,16,30,23.52652084,65.44340921,6.392791654,186.1728203,coffee
37,23,12,31.52675982,90.50621806,6.395258356,113.1169398,orange
1,135,203,22.77856513,92.70124029,5.624203283,113.7759219,apple
77,36,37,26.88444878,81.46033732,6.136131869,194.5766559,rice
26,51,25,28.76488954,52.62741529,7.792508068,55.21606732,mothbeans
33,60,15,28.95172351,81.67085323,6.510840928,56.51103293,mungbean
93,83,46,29.38254012,83.50423735,5.765308943,109.2486647,banana
38,141,198,13.05809741,80.28297993,5.757009965,70.75633584,grapes
29,41,21,31.49398069,62.84916863,8.86979671,64.56807592,mothbeans
19,120,195,18.73932187,81.12109244,5.931538447,73.55807954,grapes
90,15,52,27.04927452,91.3821731,6.448061578,23.65747461,muskmelon
120,23,28,25.67324193,51.29043632,6.877799264,196.2736367,coffee
49,68,22,28.56840626,61.53278622,7.127064207,63.49726331,blackgram
86,76,54,29.3159075,80.11585705,5.926824754,90.10978128,banana
39,24,31,33.55695561,53.72979826,4.757114897,98.67527561,mango
36,11,13,17.34083741,93.04897191,7.1917274,112.7194284,orange
12,66,20,27.41434987,63.41785982,7.336117221,44.43177543,lentil
18,79,20,20.27514686,23.2353604,5.877347515,139.7521543,kidneybeans
98,7,45,27.79161808,92.51054946,6.157724816,26.85422624,muskmelon
88,54,44,25.7354293,83.88266234,6.149410611,233.1321372,rice
93,81,50,27.71822477,76.57853189,6.036079266,102.2099836,banana
22,60,85,18.8392908,14.74071856,7.811997977,94.78189594,chickpea
84,44,21,21.869274,61.91044947,5.850439831,107.2681929,maize
67,43,39,26.04371967,84.96907151,5.999969026,186.7536773,rice
40,72,77,17.02498456,16.98861173,7.485996067,88.55123143,chickpea
78,43,42,21.32376327,83.00320459,7.283736617,192.3197536,rice
32,137,204,22.86006627,93.12859895,5.824151693,117.7296726,apple
79,45,20,23.80546189,59.24537979,5.715208817,89.9622014,maize
15,133,199,23.99686172,91.61001707,5.824778636,117.6102915,apple
36,19,32,27.10710832,50.70880979,4.94295037,92.37238878,mango
31,25,12,18.05142392,90.03969587,7.016482298,111.7793889,orange
40,62,19,27.32198928,34.13737127,4.697750704,96.51524028,pigeonpeas
110,39,25,22.60612115,77.34264002,7.208795456,75.13617229,cotton
98,47,37,23.48381344,81.33265073,7.375482851,224.0581164,rice
18,26,31,32.6112614,47.74916499,5.418475257,91.10190759,mango
85,37,39,24.52783742,82.73685569,6.364134968,224.6757231,rice
64,35,23,23.02038334,61.89472002,5.680361038,63.03843397,maize
77,55,43,25.49941707,75.99987588,6.663559451,193.7141828,jute
9,11,8,24.85903405,94.39000473,6.559236744,111.7803734,orange
106,21,52,28.89578588,94.78993038,6.286515359,23.0362503,muskmelon
87,38,29,25.20406808,57.88370456,6.652642579,156.1457255,coffee
60,55,36,26.12797248,80.49172597,7.132389299,150.6326874,jute
24,30,11,32.39523995,94.51768464,6.601395755,113.25373,orange
24,37,21,30.573999,58.22686794,5.818219385,62.74803826,mothbeans
111,27,31,23.59302313,55.27564977,6.043330951,191.3980675,coffee
114,8,52,29.34081108,94.5513539,6.419083092,28.22908103,muskmelon
114,27,48,27.82054812,93.03555162,6.528404378,26.32405487,muskmelon
69,37,42,23.05804872,83.37011772,7.073453503,251.0549998,rice
105,88,54,25.78749808,84.51194224,6.020445317,114.2005455,banana
32,78,22,23.97081395,62.35557553,7.007037515,53.40906048,lentil
106,21,35,25.627355,57.04151119,7.428523634,188.5506536,coffee
2,47,15,29.86860065,85.99127934,6.401455706,58.41394143,mungbean
16,71,24,18.33124824,38.40975482,4.946369874,139.6483317,pigeonpeas
56,59,55,37.03551903,91.79430166,6.551892638,188.5181422,papaya
60,55,44,23.00445915,82.3207629,7.840207144,263.9642476,rice
126,38,23,25.36243778,83.63276077,6.176716425,88.43618918,cotton
17,18,43,24.4880844,90.83687246,5.843005428,103.1969341,pomegranate
4,20,25,28.93270187,47.94053996,5.664587011,99.9834242,mango
57,57,51,39.01793345,91.48815629,6.99223441,105.8841531,papaya
70,54,46,39.73149053,91.12220596,6.919342407,122.7628653,papaya
83,29,52,25.76402693,87.5931128,6.704688865,46.05122728,watermelon
2,123,205,22.36629253,90.78572467,5.739652177,124.9831618,apple
110,15,48,28.57819995,92.86597437,6.212567211,27.5987178,muskmelon
70,47,17,24.6129118,70.4162444,6.600827017,104.1626147,maize
37,18,39,24.1469628,94.5110662,6.424670614,110.2316633,pomegranate
19,78,16,20.65375833,23.10538637,5.967533236,67.71768947,kidneybeans
39,69,53,25.9300384,93.02357765,6.964955435,241.8202079,papaya
60,54,19,18.74826712,62.49878458,6.417820493,70.23401597,maize
33,77,21,30.32992227,65.62971858,7.01285529,71.64631281,blackgram
14,18,30,29.80747243,52.13797867,5.191265116,95.74606104,mango
62,59,41,24.2248758,74.89465426,7.175170657,192.4931257,jute
18,12,8,12.59093977,91.81668769,6.206053072,119.3916718,orange
83,94,47,27.39872329,81.10523402,6.469370954,112.1355384,banana
93,41,17,25.6217169,66.50415474,6.047906679,105.4654703,maize
29,75,75,19.62416326,18.71483156,7.064790365,88.4585692,chickpea
4,59,22,29.33743412,49.00323081,8.914074888,42.44054315,mothbeans
1,30,10,11.89925671,91.34663797,7.291405641,103.5771468,orange
4,40,26,27.58258929,48.56916221,6.720041791,95.8445641,mango
24,38,22,24.47876451,58.51663927,8.202706015,34.96933295,mothbeans
2,61,20,22.13974653,23.02251117,5.95561668,76.64128258,kidneybeans
61,41,17,25.1420613,65.26185135,6.021902237,76.68456006,maize
50,47,48,24.63676897,90.61964344,6.712772333,218.2299187,papaya
2,123,198,39.64851881,82.21079946,6.253034534,70.39906054,grapes
49,69,82,18.31561493,15.36143547,7.26311855,81.78710463,chickpea
28,69,16,29.77013109,66.29327012,6.547361618,35.69674138,lentil
12,142,203,31.3115978,82.56407013,5.972850838,65.01095312,grapes
13,8,12,25.16296632,92.54736032,7.105904818,114.3117197,orange
8,72,17,20.57341244,19.7520218,5.711439256,87.87869161,kidneybeans
5,136,195,22.35628673,91.92360477,6.264202804,107.7697413,apple
26,10,33,28.27298134,96.93649473,6.07071786,198.8234862,coconut
27,59,22,21.81167649,23.20591245,5.794158504,130.0608093,kidneybeans
17,73,18,19.50112224,34.51086611,5.632353113,197.3752649,pigeonpeas
125,60,17,24.14386157,84.51591287,6.785723961,80.36146974,cotton
88,21,27,24.43011925,66.02411187,7.231166546,181.6368274,coffee
20,28,26,26.37978453,91.49882979,5.547594847,167.0470997,coconut
22,79,17,21.42451099,20.39659714,5.912289889,116.5206923,kidneybeans
78,40,38,26.46428311,83.85642678,7.549873681,248.2256491,rice
78,50,43,25.12417673,85.72530641,6.348441469,159.5718087,jute
24,70,21,19.14729038,45.3733757,5.517208078,132.7748215,pigeonpeas
73,57,41,21.44653958,84.94375962,5.824709117,272.2017204,rice
1,8,26,27.5136304,94.18955816,5.562911913,156.6732553,coconut
23,58,19,24.17093241,58.25204566,5.243634849,59.18953429,mothbeans
82,22,45,26.22338015,85.34866045,6.512196212,54.60159289,watermelon
98,44,21,25.77175115,74.089114,6.524478032,107.4931917,maize
20,45,16,29.93964907,54.61813464,4.626212446,45.43669946,mothbeans
107,22,54,27.99611732,90.84660317,6.630301421,21.61893763,muskmelon
119,30,28,26.35770906,64.57578034,6.505203696,163.6269496,coffee
30,79,22,18.28766124,69.48515056,6.254216611,48.60449438,lentil
24,33,35,29.26382931,54.82257868,5.342866119,100.7586226,mango
37,10,32,28.96318258,95.16333673,6.165084855,222.803013,coconut
44,59,78,20.67526473,19.85388984,7.599033472,84.78344008,chickpea
5,19,25,27.3511056,54.43945147,6.441328044,96.27792547,mango
6,123,203,12.7567962,81.62497448,6.130310493,66.77844567,grapes
7,63,24,19.55750776,64.45268309,6.818681086,53.04669416,lentil
99,54,37,21.14347496,80.33502926,5.594819626,198.6730942,rice
32,25,9,10.35609594,93.75652041,7.796034006,101.1456947,orange
61,41,35,24.97178693,79.47557931,6.842966479,195.7571622,jute
11,45,19,28.70012137,44.359648,3.828031463,44.11622138,mothbeans
39,58,85,17.88776475,15.40589717,5.996932037,68.54932919,chickpea
27,57,24,27.33534897,43.35795962,6.09186275,142.3303677,pigeonpeas
60,58,37,26.13871511,79.1188943,6.067302109,171.4892533,jute
7,31,27,31.32863689,47.59319575,6.524114355,94.67344737,mango
85,21,47,29.87331077,90.60932469,6.186770318,24.69720481,muskmelon
36,29,13,20.68185224,90.91510525,7.829507245,109.7513927,orange
78,46,42,23.09499564,78.45959697,7.095413294,155.3851533,jute
14,58,17,30.53684308,59.96664731,4.605700542,33.48919022,mothbeans
25,27,41,19.20090378,94.27659596,6.923509371,108.0423555,pomegranate
41,78,21,25.19857725,60.37332688,6.581313137,70.88787207,blackgram
22,55,24,28.56800579,57.30636014,8.66077954,64.53027638,mothbeans
90,16,45,24.92093261,80.61750795,6.291540278,50.55710813,watermelon
37,52,47,43.08022702,93.90305729,6.54277684,211.8529059,papaya
14,48,21,29.24598976,84.80084105,6.991242362,53.43228915,mungbean
90,86,52,25.85036988,81.95580471,5.793260262,119.0856171,banana
39,76,76,19.96837462,15.57324389,8.135900726,69.15759062,chickpea
90,86,55,27.96236771,84.15403614,5.644486582,97.55986676,banana
34,6,27,25.84726298,90.92669463,5.860740481,147.8888994,coconut
11,46,24,27.65280218,89.80650642,6.459252023,56.52558045,mungbean
36,76,75,18.38120357,16.63805158,8.736337905,70.52056697,chickpea
20,50,22,30.99694676,46.42693735,9.406887533,38.31597852,mothbeans
9,59,24,20.43517772,39.37252634,4.747352458,137.2279662,pigeonpeas
23,75,17,24.87425505,64.00213929,7.198076286,48.28137482,lentil
10,136,204,21.19852186,92.15595143,6.276198595,105.8554351,apple
35,64,78,17.92845928,14.27327988,7.496645259,85.37378769,chickpea
19,15,34,26.29644905,99.65809151,5.685889066,215.9195049,coconut
21,38,21,29.75538903,86.45193297,6.637677489,37.54602719,mungbean
47,46,52,23.19451074,91.40301608,6.502289473,206.3999208,papaya
1,48,24,29.34594634,85.60472562,6.232836962,59.03629954,mungbean
91,35,39,23.79391957,80.41817957,6.970859754,206.2611855,rice
25,12,26,28.56973521,95.67906668,6.436314406,134.8370348,coconut
52,60,79,19.45339934,18.23490739,8.380185271,75.6317566,chickpea
22,38,31,31.53356352,53.06009323,5.821106036,98.57025046,mango
115,31,30,24.22984659,67.37768353,6.840927967,122.4073418,coffee
40,5,29,28.48444906,97.76865458,5.820978791,160.389421,coconut
42,79,23,27.71678273,63.29103387,6.781841984,68.56507978,blackgram
80,71,47,27.50527651,80.79783998,6.156373499,105.0776992,banana
84,29,49,29.94349168,93.90741192,6.251420275,20.39020503,muskmelon
33,47,46,29.20300896,93.96834049,6.839443833,209.4083305,papaya
29,139,205,23.64142354,93.74461474,6.155939453,116.6912176,apple
14,25,40,20.07386547,90.97819712,6.407872061,103.7084055,pomegranate
37,18,30,27.63551259,99.34854917,6.38488418,157.9171537,coconut
12,6,8,30.84835031,92.86773675,6.388617138,107.4142681,orange
19,7,10,14.78003032,91.22062116,6.118430299,100.1961762,orange
108,72,46,25.16278237,84.97849241,6.110844721,90.94554618,banana
99,70,46,26.59580783,82.99556744,5.727469947,100.5123341,banana
15,9,11,11.54785707,94.14861001,7.907956251,108.8289171,orange
22,26,38,22.92052307,85.12912161,6.988035315,110.2437841,pomegranate
119,44,15,22.14593688,82.8597549,7.091992365,60.65381719,cotton
126,50,19,24.69457084,81.7358876,6.628722836,78.58494391,cotton
34,38,31,35.37775595,45.58110023,6.454045329,97.41586402,mango
48,65,78,17.43732714,14.33847406,7.861128148,73.0926704,chickpea
102,11,47,27.98780984,92.78226196,6.504906979,27.14509034,muskmelon
33,59,22,22.64236876,21.59396123,5.946999529,122.3886015,kidneybeans
68,41,16,21.77689322,57.80840636,6.158830619,102.0861694,maize
39,138,203,21.19339319,82.33098331,6.399433771,74.62834921,grapes
73,43,42,26.58361011,78.00774772,6.310699968,154.8238864,jute
21,20,31,25.60033702,99.7240104,5.855457599,165.8248732,coconut
107,45,25,23.0865933,83.55546146,7.227745516,71.84080724,cotton
23,57,19,32.83963757,67.99803573,7.251000789,73.40452716,blackgram
36,43,21,28.36319404,84.8593608,7.140437859,52.93031105,mungbean
24,42,23,28.22471276,82.35916228,6.428054409,44.01206619,mungbean
80,43,16,23.55882094,71.59351368,6.657964753,66.71995467,maize
14,131,198,33.4641162,83.86742974,5.562790949,67.92204319,grapes
120,19,49,25.79448878,84.26830701,6.762471629,56.45229202,watermelon
100,46,18,24.18586246,76.04203958,6.431689506,69.08056728,cotton
97,74,45,26.47522633,78.51833782,5.677719902,113.1161095,banana
48,57,54,29.02328049,90.20396783,6.617703178,126.8069869,papaya
26,65,22,17.84806561,18.77621951,5.949949081,143.0984171,kidneybeans
40,49,17,31.02215872,45.89239456,6.68727523,53.56783314,mothbeans
60,44,23,24.7947077,70.04556743,5.722579819,76.72860067,maize
11,36,31,27.92063282,51.77965917,6.47544932,100.2585673,mango
58,79,17,27.24766491,66.10123083,7.04174124,62.31842057,blackgram
114,21,55,25.4438391,87.9392312,6.472756256,57.51549686,watermelon
30,63,16,23.60506572,21.90539577,5.525904526,100.5978728,kidneybeans
28,79,16,24.70626432,60.26854183,6.052184881,53.12442925,lentil
31,29,35,27.1872282,92.19906776,6.137102505,141.3220576,coconut
26,66,22,18.06486101,65.1034354,6.300479414,51.54922825,lentil
32,20,35,26.52166434,98.38227669,5.588655387,144.6261698,coconut
96,54,22,25.70196694,61.33450447,6.960358276,83.20711308,maize
28,57,17,30.47757686,61.58245338,9.416003106,61.86633917,mothbeans
65,62,51,31.53243779,90.87394933,6.511624841,207.0735119,papaya
8,28,38,23.22594,94.42971362,6.8444019,105.6917856,pomegranate
89,54,38,24.51588066,83.5352163,6.685346424,230.4462359,rice
10,56,18,27.99627907,68.6428593,7.32710972,46.10585191,lentil
107,5,52,26.6634609,89.98405233,6.881425746,57.40847165,watermelon
27,56,20,19.25975367,20.51346956,5.542690119,94.9533526,kidneybeans
99,38,21,22.88330922,71.59722446,6.352471866,67.72777298,maize
19,24,15,20.48954522,93.72485075,7.137136973,111.8391951,orange
24,130,195,29.99677232,81.54156612,6.112305667,67.12534492,grapes
22,56,17,29.87888063,87.32761241,6.89077995,44.75215854,mungbean
40,22,29,27.55821802,99.98187601,5.735364307,174.6256481,coconut
16,6,29,29.28725038,91.95614918,5.868285082,132.1491176,coconut
134,56,18,23.80834611,83.91902605,6.691268104,70.97358303,cotton
39,37,25,33.33024826,45.61143594,6.953246506,98.28583013,mango
84,55,38,26.8748389,79.78725152,6.956682743,173.1017097,jute
9,17,32,25.94951662,93.40548703,5.842317989,172.0540491,coconut
50,74,17,27.10053268,63.36085585,6.5408208,73.84949872,blackgram
88,35,40,23.57943626,83.58760316,5.85393208,291.2986618,rice
119,25,51,26.47330219,80.92254421,6.283818329,53.65742581,watermelon
21,44,18,27.06909959,86.89934108,7.12851089,50.46746116,mungbean
41,74,18,28.75751783,61.02701476,6.599147298,73.37686831,blackgram
5,45,21,28.36291385,88.00989267,6.487124217,43.05130077,mungbean
111,5,52,29.8843055,94.0371147,6.135996372,21.0000988,muskmelon
25,76,24,15.33042636,24.91506728,5.56503533,135.3315583,kidneybeans
9,57,24,29.89232778,89.71503316,7.165121109,42.99498978,mungbean
